{"0": {"precision": 0.9759973330370041, "recall": 0.997728047256617, "f1-score": 0.9867430625772385, "support": 8803}, "1": {"precision": 0.7530864197530864, "recall": 0.22021660649819494, "f1-score": 0.3407821229050279, "support": 277}, "accuracy": 0.9740088105726872, "macro avg": {"precision": 0.8645418763950452, "recall": 0.608972326877406, "f1-score": 0.6637625927411333, "support": 9080}, "weighted avg": {"precision": 0.9691970772022414, "recall": 0.9740088105726872, "f1-score": 0.967036985452877, "support": 9080}}